<?xml version="1.0"?>
<ruleset name="WordPress Coding Standards">
	<description>WooCommerce dev PHP_CodeSniffer ruleset.</description>

	<!-- Exclude paths -->
	<exclude-pattern>tests/</exclude-pattern>
	<exclude-pattern>apigen/</exclude-pattern>
	<exclude-pattern>*/node_modules/*</exclude-pattern>
	<exclude-pattern>*/vendor/*</exclude-pattern>

	<!-- Configs -->
	<config name="minimum_supported_wp_version" value="4.7" />
	<config name="testVersion" value="5.6-" />

	<!-- Rules -->
	<rule ref="WooCommerce-Core" />

	<rule ref="WordPress.WP.I18n">
		<properties>
			<property name="text_domain" type="array" value="woocommerce-rest-api" />
		</properties>
	</rule>

	<rule ref="PHPCompatibility">
		<exclude-pattern>tests/</exclude-pattern>
	</rule>

	<rule ref="WordPress.Files.FileName.InvalidClassFileName">
		<exclude-pattern>*</exclude-pattern>
	</rule>

	<rule ref="Generic.Commenting">
		<exclude-pattern>tests/</exclude-pattern>
	</rule>

	<rule ref="WordPress.Files.FileName.NotHyphenatedLowercase">
		<exclude-pattern>i18n/</exclude-pattern>
		<exclude-pattern>*</exclude-pattern>
	</rule>
</ruleset>
